Sample,PC1,PC2,PC3,FractionLociImputed,FractionLociNonCalled,NumberMultiAllelic,LossPerLoci
NA20356,0.0010847540796632168,-7.959109724326913e-05,1.421785569688418e-05,0.0,0.0,0,0.6461413274705887
NA20357,0.001115898849835815,-0.00011858121545634154,1.2634819970987176e-05,0.0,0.0,0,0.6401580686901333
NA20358,0.0010707689844555214,-9.079026918823869e-05,7.352808160119564e-06,0.0,7.806584073007174e-06,0,0.6448815399658072
